"nome","regiao","freq","rank","sexo"
"JOSE",0,5732508,1,"M"
"JOAO",0,2971935,2,"M"
"ANTONIO",0,2567494,3,"M"
"FRANCISCO",0,1765197,4,"M"
"CARLOS",0,1483121,5,"M"
"PAULO",0,1417907,6,"M"
"PEDRO",0,1213557,7,"M"
"LUCAS",0,1116818,8,"M"
"LUIZ",0,1102927,9,"M"
"MARCOS",0,1101126,10,"M"
"LUIS",0,931530,11,"M"
"GABRIEL",0,922744,12,"M"
"RAFAEL",0,814709,13,"M"
"DANIEL",0,706527,14,"M"
"MARCELO",0,690098,15,"M"
"BRUNO",0,663271,16,"M"
"EDUARDO",0,628539,17,"M"
"FELIPE",0,615924,18,"M"
"RAIMUNDO",0,611174,19,"M"
"RODRIGO",0,598825,20,"M"
"MANOEL",0,590924,21,"M"
"MATEUS",0,583962,22,"M"
"ANDRE",0,578975,23,"M"
"FERNANDO",0,551776,24,"M"
"FABIO",0,545581,25,"M"
"LEONARDO",0,544258,26,"M"
"GUSTAVO",0,537598,27,"M"
"GUILHERME",0,525028,28,"M"
"LEANDRO",0,506483,29,"M"
"TIAGO",0,492149,30,"M"
"ANDERSON",0,470777,31,"M"
"RICARDO",0,467835,32,"M"
"MARCIO",0,466140,33,"M"
"JORGE",0,464573,34,"M"
"SEBASTIAO",0,461332,35,"M"
"ALEXANDRE",0,441663,36,"M"
"ROBERTO",0,435832,37,"M"
"EDSON",0,430171,38,"M"
"DIEGO",0,421973,39,"M"
"VITOR",0,419585,40,"M"
"SERGIO",0,403806,41,"M"
"CLAUDIO",0,350428,42,"M"
"MATHEUS",0,347734,43,"M"
"THIAGO",0,341645,44,"M"
"GERALDO",0,339380,45,"M"
"ADRIANO",0,335585,46,"M"
"LUCIANO",0,335214,47,"M"
"JULIO",0,334254,48,"M"
"RENATO",0,327610,49,"M"
"ALEX",0,309181,50,"M"
"VINICIUS",0,302419,51,"M"
"ROGERIO",0,292635,52,"M"
"SAMUEL",0,291057,53,"M"
"RONALDO",0,269489,54,"M"
"MARIO",0,268171,55,"M"
"FLAVIO",0,265201,56,"M"
"DOUGLAS",0,264889,57,"M"
"IGOR",0,264732,58,"M"
"DAVI",0,254088,59,"M"
"MANUEL",0,253031,60,"M"
"JEFERSON",0,252171,61,"M"
"CICERO",0,247711,62,"M"
"VICTOR",0,240278,63,"M"
"MIGUEL",0,239636,64,"M"
"ROBSON",0,235386,65,"M"
"MAURICIO",0,234847,66,"M"
"DANILO",0,231855,67,"M"
"HENRIQUE",0,227297,68,"M"
"CAIO",0,225902,69,"M"
"REGINALDO",0,225049,70,"M"
"JOAQUIM",0,213941,71,"M"
"BENEDITO",0,213323,72,"M"
"GILBERTO",0,212736,73,"M"
"MARCO",0,207244,74,"M"
"ALAN",0,205614,75,"M"
"NELSON",0,200125,76,"M"
"CRISTIANO",0,194300,77,"M"
"ELIAS",0,189315,78,"M"
"WILSON",0,188329,79,"M"
"VALDIR",0,187067,80,"M"
"EMERSON",0,177092,81,"M"
"LUAN",0,174805,82,"M"
"DAVID",0,173807,83,"M"
"RENAN",0,170182,84,"M"
"SEVERINO",0,170111,85,"M"
"FABRICIO",0,166678,86,"M"
"MAURO",0,166334,87,"M"
"JONAS",0,163947,88,"M"
"GILMAR",0,159693,89,"M"
"JEAN",0,158198,90,"M"
"FABIANO",0,157812,91,"M"
"WESLEY",0,156101,92,"M"
"DIOGO",0,155247,93,"M"
"ADILSON",0,155002,94,"M"
"JAIR",0,151241,95,"M"
"ALESSANDRO",0,148702,96,"M"
"EVERTON",0,147274,97,"M"
"OSVALDO",0,146986,98,"M"
"GILSON",0,144341,99,"M"
"WILLIAN",0,144078,100,"M"
"JOEL",0,143904,101,"M"
"SILVIO",0,140457,102,"M"
"HELIO",0,137138,103,"M"
"MAICON",0,134295,104,"M"
"REINALDO",0,133930,105,"M"
"PABLO",0,132505,106,"M"
"ARTUR",0,131972,107,"M"
"VAGNER",0,131933,108,"M"
"VALTER",0,131037,109,"M"
"CELSO",0,130837,110,"M"
"IVAN",0,130228,111,"M"
"CLEITON",0,128738,112,"M"
"VANDERLEI",0,126592,113,"M"
"VICENTE",0,125974,114,"M"
"ARTHUR",0,125788,115,"M"
"MILTON",0,125669,116,"M"
"DOMINGOS",0,125252,117,"M"
"WAGNER",0,124863,118,"M"
"SANDRO",0,124726,119,"M"
"MOISES",0,124697,120,"M"
"EDILSON",0,123872,121,"M"
"ADEMIR",0,122923,122,"M"
"ADAO",0,121982,123,"M"
"EVANDRO",0,120656,124,"M"
"CESAR",0,118354,125,"M"
"VALMIR",0,115978,126,"M"
"MURILO",0,115067,127,"M"
"JULIANO",0,114597,128,"M"
"EDVALDO",0,114305,129,"M"
"AILTON",0,113335,130,"M"
"JUNIOR",0,111942,131,"M"
"BRENO",0,111653,132,"M"
"NICOLAS",0,111059,133,"M"
"RUAN",0,108527,134,"M"
"ALBERTO",0,108018,135,"M"
"RUBENS",0,105396,136,"M"
"NILTON",0,104846,137,"M"
"AUGUSTO",0,104672,138,"M"
"CLEBER",0,102878,139,"M"
"OSMAR",0,102717,140,"M"
"NILSON",0,101524,141,"M"
"ORLANDO",0,101211,142,"M"
"HUGO",0,100685,143,"M"
"OTAVIO",0,99962,144,"M"
"VINICIOS",0,97077,145,"M"
"ITALO",0,96108,146,"M"
"WILIAN",0,95105,147,"M"
"ALISSON",0,94270,148,"M"
"APARECIDO",0,93950,149,"M"
"ISRAEL",0,93685,150,"M"
"EDMILSON",0,93251,151,"M"
"JOSUE",0,91332,152,"M"
"GERSON",0,86624,153,"M"
"CAUA",0,84584,154,"M"
"SIDNEI",0,84193,155,"M"
"EMANUEL",0,82536,156,"M"
"VALDEMAR",0,81970,157,"M"
"JAIME",0,81823,158,"M"
"EDIVALDO",0,81446,159,"M"
"ARNALDO",0,80612,160,"M"
"MOACIR",0,79629,161,"M"
"DAMIAO",0,79047,162,"M"
"ISMAEL",0,78951,163,"M"
"NIVALDO",0,78608,164,"M"
"JAIRO",0,78445,165,"M"
"ISAIAS",0,78418,166,"M"
"MICHEL",0,78252,167,"M"
"ANGELO",0,78108,168,"M"
"CRISTIAN",0,77504,169,"M"
"WELLINGTON",0,76820,170,"M"
"ALEXANDRO",0,76472,171,"M"
"VALDEMIR",0,75699,172,"M"
"WANDERSON",0,75619,173,"M"
"JAILSON",0,75076,174,"M"
"DENIS",0,75029,175,"M"
"RIAN",0,74729,176,"M"
"CELIO",0,74693,177,"M"
"CLAUDINEI",0,74264,178,"M"
"DENILSON",0,74095,179,"M"
"IAGO",0,73618,180,"M"
"EDER",0,73467,181,"M"
"YURI",0,73204,182,"M"
"CHARLES",0,72715,183,"M"
"MARLON",0,72507,184,"M"
"ALISON",0,72186,185,"M"
"JONATAN",0,71812,186,"M"
"ERIC",0,71759,187,"M"
"ELTON",0,71566,188,"M"
"VALDECIR",0,71383,189,"M"
"WESLEI",0,70454,190,"M"
"NATANAEL",0,69835,191,"M"
"ERICK",0,69692,192,"M"
"AGNALDO",0,68920,193,"M"
"KAUAN",0,68526,194,"M"
"ODAIR",0,67758,195,"M"
"WALTER",0,67207,196,"M"
"ARLINDO",0,66669,197,"M"
"MICHAEL",0,65736,198,"M"
"ALVARO",0,65444,199,"M"
"GEOVANE",0,65435,200,"M"
"EVERALDO",0,64383,201,"M"
"EZEQUIEL",0,64301,202,"M"
"ALMIR",0,64288,203,"M"
"IVO",0,62913,204,"M"
"ADEMAR",0,62618,205,"M"
"RAMON",0,62441,206,"M"
"VALDECI",0,62293,207,"M"
"FILIPE",0,61160,208,"M"
"WILLIAM",0,61141,209,"M"
"JONATAS",0,60626,210,"M"
"IVANILDO",0,59754,211,"M"
"ROMARIO",0,59585,212,"M"
"JACKSON",0,58528,213,"M"
"GILVAN",0,57539,214,"M"
"KAUA",0,57332,215,"M"
"JONATHAN",0,57255,216,"M"
"ALFREDO",0,57217,217,"M"
"NATAN",0,57181,218,"M"
"RAUL",0,56823,219,"M"
"BERNARDO",0,56545,220,"M"
"JOSIAS",0,56267,221,"M"
"RODOLFO",0,56090,222,"M"
"GEAN",0,56082,223,"M"
"LAZARO",0,55934,224,"M"
"LUCIO",0,55776,225,"M"
"JOSIMAR",0,55710,226,"M"
"VILMAR",0,54869,227,"M"
"JEFFERSON",0,54791,228,"M"
"ALCIDES",0,54108,229,"M"
"VALDOMIRO",0,53882,230,"M"
"ARMANDO",0,53520,231,"M"
"ROMULO",0,53192,232,"M"
"CASSIO",0,53183,233,"M"
"EDNALDO",0,53148,234,"M"
"WELITON",0,53050,235,"M"
"AIRTON",0,53026,236,"M"
"CLAUDEMIR",0,51279,237,"M"
"WELINGTON",0,50397,238,"M"
"CAIQUE",0,50346,239,"M"
"RICHARD",0,49910,240,"M"
"LAERCIO",0,49056,241,"M"
"PATRICK",0,49005,242,"M"
"AFONSO",0,48511,243,"M"
"CLOVIS",0,48260,244,"M"
"ADALBERTO",0,47995,245,"M"
"EDMAR",0,47366,246,"M"
"ENZO",0,46850,247,"M"
"JURANDIR",0,46522,248,"M"
"EDGAR",0,46254,249,"M"
"EDIMILSON",0,46251,250,"M"
"HUMBERTO",0,46079,251,"M"
"SAULO",0,45961,252,"M"
"ALEXSANDRO",0,45536,253,"M"
"CAUAN",0,45362,254,"M"
"JUAN",0,45290,255,"M"
"EDINALDO",0,45200,256,"M"
"SIDNEY",0,45061,257,"M"
"EVALDO",0,44033,258,"M"
"JONATA",0,43908,259,"M"
"ADAILTON",0,43434,260,"M"
"KAIQUE",0,43397,261,"M"
"ARI",0,43368,262,"M"
"VILSON",0,43233,263,"M"
"ITAMAR",0,42971,264,"M"
"DIVINO",0,42705,265,"M"
"JUAREZ",0,42689,266,"M"
"GENIVALDO",0,42489,267,"M"
"DIRCEU",0,42446,268,"M"
"DARCI",0,42379,269,"M"
"COSME",0,42349,270,"M"
"AMILTON",0,41900,271,"M"
"ERIK",0,41511,272,"M"
"ROGER",0,40743,273,"M"
"LAURO",0,40691,274,"M"
"ROQUE",0,40662,275,"M"
"VALDINEI",0,40649,276,"M"
"ANDREI",0,40566,277,"M"
"LINDOMAR",0,39891,278,"M"
"JHONATAN",0,39452,279,"M"
"LORIVAL",0,39401,280,"M"
"MARIA",0,39391,281,"M"
"MAGNO",0,38863,282,"M"
"DEIVID",0,38661,283,"M"
"ERIVALDO",0,38544,284,"M"
"ROBERT",0,38440,285,"M"
"MARCUS",0,38346,286,"M"
"RUI",0,38211,287,"M"
"WENDEL",0,38039,288,"M"
"JOELSON",0,37822,289,"M"
"ELIO",0,37694,290,"M"
"OSCAR",0,37672,291,"M"
"INACIO",0,37304,292,"M"
"DONIZETE",0,37290,293,"M"
"JAILTON",0,36943,294,"M"
"ISAC",0,36705,295,"M"
"FREDERICO",0,36669,296,"M"
"HEITOR",0,36495,297,"M"
"GEORGE",0,35988,298,"M"
"AMAURI",0,35866,299,"M"
"ROMILDO",0,35854,300,"M"
"IAN",0,35601,301,"M"
"JOSIEL",0,35519,302,"M"
"GEOVANI",0,35484,303,"M"
"KLEBER",0,35419,304,"M"
"ALDO",0,35308,305,"M"
"KAIO",0,35223,306,"M"
"LEVI",0,35145,307,"M"
"ISAQUE",0,34856,308,"M"
"AMARILDO",0,34838,309,"M"
"EDISON",0,34797,310,"M"
"KEVIN",0,34747,311,"M"
"ADENILSON",0,34137,312,"M"
"SILAS",0,34111,313,"M"
"ALTAIR",0,34047,314,"M"
"MAX",0,33953,315,"M"
"RYAN",0,33938,316,"M"
"WASHINGTON",0,33788,317,"M"
"TALES",0,33772,318,"M"
"JESUS",0,33756,319,"M"
"JOSENILDO",0,33564,320,"M"
"SALVADOR",0,33297,321,"M"
"AMARO",0,33147,322,"M"
"ELSON",0,33131,323,"M"
"EDIMAR",0,33021,324,"M"
"MESSIAS",0,33019,325,"M"
"ELISEU",0,32986,326,"M"
"EDERSON",0,32937,327,"M"
"GENILSON",0,32822,328,"M"
"TARCISIO",0,32724,329,"M"
"RAPHAEL",0,32693,330,"M"
"IRINEU",0,32555,331,"M"
"ELIZEU",0,32517,332,"M"
"MAYCON",0,32415,333,"M"
"VANDERSON",0,32346,334,"M"
"WELINTON",0,31843,335,"M"
"ICARO",0,31634,336,"M"
"VALDIVINO",0,31611,337,"M"
"ERALDO",0,31463,338,"M"
"SILVANO",0,31443,339,"M"
"WALLACE",0,31233,340,"M"
"DJALMA",0,31185,341,"M"
"LOURIVAL",0,31032,342,"M"
"GIOVANI",0,30969,343,"M"
"DARIO",0,30938,344,"M"
"MICAEL",0,30834,345,"M"
"ALLAN",0,30678,346,"M"
"JACSON",0,30466,347,"M"
"ADELSON",0,30396,348,"M"
"VALDEIR",0,30360,349,"M"
"FAGNER",0,30017,350,"M"
"DORIVAL",0,29947,351,"M"
"JUVENAL",0,29852,352,"M"
"EDVAN",0,29434,353,"M"
"GENIVAL",0,29322,354,"M"
"JOSEMAR",0,29258,355,"M"
"KAUE",0,29088,356,"M"
"IURI",0,28757,357,"M"
"ADAIR",0,28647,358,"M"
"EVERSON",0,28646,359,"M"
"YAGO",0,28620,360,"M"
"ADRIAN",0,28593,361,"M"
"GELSON",0,28446,362,"M"
"AGENOR",0,28397,363,"M"
"EUGENIO",0,28387,364,"M"
"WALACE",0,28231,365,"M"
"JARDEL",0,28062,366,"M"
"JADSON",0,28006,367,"M"
"EMANOEL",0,27449,368,"M"
"KELVIN",0,27448,369,"M"
"WILIAM",0,27309,370,"M"
"ELIEL",0,27256,371,"M"
"ADRIEL",0,27200,372,"M"
"ARIEL",0,27128,373,"M"
"RONALD",0,27054,374,"M"
"RONI",0,26942,375,"M"
"GETULIO",0,26912,376,"M"
"ISAAC",0,26870,377,"M"
"JOSIVALDO",0,26768,378,"M"
"ABEL",0,26697,379,"M"
"MARCELINO",0,26411,380,"M"
"CAUE",0,26306,381,"M"
"EUCLIDES",0,26055,382,"M"
"ELI",0,26035,383,"M"
"GIOVANE",0,25898,384,"M"
"YAN",0,25732,385,"M"
"AGUINALDO",0,25588,386,"M"
"WEVERTON",0,25274,387,"M"
"MACIEL",0,25206,388,"M"
"DARLAN",0,25149,389,"M"
"EXPEDITO",0,25137,390,"M"
"CLODOALDO",0,25102,391,"M"
"ENIO",0,25048,392,"M"
"ALOISIO",0,25036,393,"M"
"JURACI",0,24957,394,"M"
"ELVIS",0,24919,395,"M"
"EDIVAN",0,24604,396,"M"
"TULIO",0,24382,397,"M"
"ADELINO",0,24381,398,"M"
"TADEU",0,24251,399,"M"
"CLAUDIONOR",0,24125,400,"M"
"SAVIO",0,23936,401,"M"
"JHONATA",0,23889,402,"M"
"JUCELINO",0,23748,403,"M"
"WILTON",0,23584,404,"M"
"RIVALDO",0,23497,405,"M"
"GIVALDO",0,23493,406,"M"
"MARIVALDO",0,23203,407,"M"
"HUDSON",0,22968,408,"M"
"GUILERME",0,22890,409,"M"
"OSWALDO",0,22708,410,"M"
"MARCIEL",0,22691,411,"M"
"AROLDO",0,22548,412,"M"
"ELDER",0,22512,413,"M"
"MAURILIO",0,22412,414,"M"
"HIGOR",0,22236,415,"M"
"MARCILIO",0,22207,416,"M"
"PIETRO",0,22159,417,"M"
"ADALTO",0,22060,418,"M"
"ERNESTO",0,22006,419,"M"
"MARCIANO",0,21939,420,"M"
"OTACILIO",0,21900,421,"M"
"CASSIANO",0,21875,422,"M"
"GLEISON",0,21868,423,"M"
"ANTENOR",0,21861,424,"M"
"JANIO",0,21690,425,"M"
"ADEMILSON",0,21606,426,"M"
"RENE",0,21544,427,"M"
"ELCIO",0,21338,428,"M"
"EMILIO",0,21312,429,"M"
"SIDINEI",0,21295,430,"M"
"GIVANILDO",0,21252,431,"M"
"JESSE",0,21212,432,"M"
"CEZAR",0,21165,433,"M"
"RAI",0,21157,434,"M"
"ABRAAO",0,21061,435,"M"
"EDMUNDO",0,21017,436,"M"
"JOILSON",0,20983,437,"M"
"FRANCINALDO",0,20842,438,"M"
"JANDERSON",0,20743,439,"M"
"JOSELITO",0,20737,440,"M"
"ALDAIR",0,20711,441,"M"
"MARCEL",0,20526,442,"M"
"GEFERSON",0,20389,443,"M"
"ALEXANDER",0,20362,444,"M"
"MARIANO",0,20332,445,"M"
"REGIS",0,20286,446,"M"
"BENTO",0,20274,447,"M"
"NATALINO",0,20108,448,"M"
"VALDENIR",0,20102,449,"M"
"WELTON",0,20070,450,"M"
"ERINALDO",0,20049,451,"M"
"HAMILTON",0,20023,452,"M"
"MIKAEL",0,19943,453,"M"
"CLEBERSON",0,19917,454,"M"
"JAMES",0,19681,455,"M"
"JOHN",0,19667,456,"M"
"TOMAS",0,19527,457,"M"
"JAKSON",0,19508,458,"M"
"ULISSES",0,19497,459,"M"
"AURELIO",0,19470,460,"M"
"RONILDO",0,19440,461,"M"
"DIONISIO",0,19373,462,"M"
"OLAVO",0,19359,463,"M"
"ELIEZER",0,19302,464,"M"
"CARLITO",0,19272,465,"M"
"JHON",0,19258,466,"M"
"FELIX",0,19143,467,"M"
"NOEL",0,19123,468,"M"
"ANSELMO",0,19079,469,"M"
"LEONEL",0,19075,470,"M"
"CLEVERSON",0,18995,471,"M"
"ROMEU",0,18954,472,"M"
"JOSINALDO",0,18883,473,"M"
"PETERSON",0,18842,474,"M"
"ALCEU",0,18714,475,"M"
"DIONE",0,18708,476,"M"
"ANISIO",0,18652,477,"M"
"DIMAS",0,18566,478,"M"
"NILO",0,18555,479,"M"
"GILDO",0,18551,480,"M"
"ERASMO",0,18505,481,"M"
"JOAQUIN",0,18469,482,"M"
"ANANIAS",0,18428,483,"M"
"DILSON",0,18398,484,"M"
"GENESIO",0,18391,485,"M"
"ROSIVALDO",0,18370,486,"M"
"ESPEDITO",0,18296,487,"M"
"IZAIAS",0,18281,488,"M"
"OSEIAS",0,18260,489,"M"
"COSMO",0,18257,490,"M"
"WALDIR",0,18225,491,"M"
"ALUISIO",0,18029,492,"M"
"KAIKE",0,18008,493,"M"
"WALISON",0,17984,494,"M"
"HELENO",0,17922,495,"M"
"MISAEL",0,17822,496,"M"
"ERIVAN",0,17662,497,"M"
"JERSON",0,17597,498,"M"
"ADOLFO",0,17515,499,"M"
"WELLITON",0,17458,500,"M"
